{
  "threshold": 0.5237521529197693,
  "optuna_params": {
    "n_estimators": 245,
    "max_depth": 3,
    "learning_rate": 0.057673085698957155,
    "subsample": 0.6032127790802874,
    "colsample_bytree": 0.8528862413275127,
    "reg_lambda": 0.5959206131645765,
    "reg_alpha": 0.17616791739489915
  },
  "optuna_best_cv_auc": 0.8176895893516484,
  "validation_metrics": {
    "accuracy": 0.7417763157894737,
    "precision": 0.7307967386639965,
    "recall": 0.7647058823529411,
    "f1": 0.747366881217086,
    "roc_auc": 0.817662764414239,
    "cohen_kappa": 0.4835771195957923,
    "mcc": 0.48409738607904024,
    "confusion_matrix": [
      [
        4813,
        1882
      ],
      [
        1572,
        5109
      ]
    ]
  },
  "test_metrics": {
    "accuracy": 0.7483552631578947,
    "precision": 0.7397656589035151,
    "recall": 0.7654542733123784,
    "f1": 0.7523907606296896,
    "roc_auc": 0.8231803452301227,
    "cohen_kappa": 0.4967282474120417,
    "mcc": 0.49702735942540205,
    "confusion_matrix": [
      [
        4896,
        1799
      ],
      [
        1567,
        5114
      ]
    ]
  }
}