{
  "threshold": 0.5237521529197693,
  "optuna_params": {
    "n_estimators": 245,
    "max_depth": 3,
    "learning_rate": 0.057673085698957155,
    "subsample": 0.6032127790802874,
    "colsample_bytree": 0.8528862413275127,
    "reg_lambda": 0.5959206131645765,
    "reg_alpha": 0.17616791739489915
  },
  "optuna_best_cv_auc": 0.8176895893516484,
  "validation_metrics": {
    "accuracy": 0.7417763157894737,
    "precision": 0.7307967386639965,
    "recall": 0.7647058823529411,
    "f1": 0.747366881217086,
    "roc_auc": 0.817662764414239,
    "brier_score": 0.17356635630130768,
    "cohen_kappa": 0.4835771195957923,
    "mcc": 0.48409738607904024,
    "confusion_matrix": [
      [
        4813,
        1882
      ],
      [
        1572,
        5109
      ]
    ]
  },
  "test_metrics": {
    "accuracy": 0.7470843301435407,
    "precision": 0.7407299270072992,
    "recall": 0.7594671456368807,
    "f1": 0.7499815239080629,
    "roc_auc": 0.8236715333876825,
    "brier_score": 0.17100981530206025,
    "cohen_kappa": 0.49418148404316176,
    "mcc": 0.4943393263305911,
    "confusion_matrix": [
      [
        4919,
        1776
      ],
      [
        1607,
        5074
      ]
    ]
  },
  "confidence_intervals": {
    "accuracy": {
      "mean": 0.7474745813397129,
      "ci_lower": 0.740946471291866,
      "ci_upper": 0.7544220992822966
    },
    "precision": {
      "mean": 0.7411877319245237,
      "ci_lower": 0.7297897337150804,
      "ci_upper": 0.7522683134756002
    },
    "recall": {
      "mean": 0.7594628882641149,
      "ci_lower": 0.749736250305254,
      "ci_upper": 0.7689636687767141
    },
    "f1": {
      "mean": 0.7501944978737671,
      "ci_lower": 0.7424004262062168,
      "ci_upper": 0.7585353612051633
    },
    "roc_auc": {
      "mean": 0.8239950433112813,
      "ci_lower": 0.8187195041843396,
      "ci_upper": 0.8294930563807109
    },
    "brier_score": {
      "mean": 0.17083355825729366,
      "ci_lower": 0.16788941981480665,
      "ci_upper": 0.17362624257793774
    }
  },
  "calibration": {
    "brier_before": 0.1703690141439438,
    "brier_after": 0.17100981530206025
  }
}