{
  "threshold": 0.45567194245038106,
  "optuna_params": {
    "C": 0.010108013802194922,
    "solver": "lbfgs"
  },
  "optuna_best_cv_auc": 0.8141311166171272,
  "cv_fold_accuracies": [
    0.7403115264797507,
    0.7329595015576325,
    0.7442990654205608,
    0.7413084112149533,
    0.7350778816199377
  ],
  "validation_metrics": {
    "accuracy": 0.7390101674641149,
    "precision": 0.7117631439192778,
    "recall": 0.8024247867085765,
    "f1": 0.7543797931471188,
    "roc_auc": 0.8131991796427822,
    "cohen_kappa": 0.4780892706271108,
    "mcc": 0.4820061722469762,
    "confusion_matrix": [
      [
        4524,
        2171
      ],
      [
        1320,
        5361
      ]
    ]
  },
  "test_metrics": {
    "accuracy": 0.7422248803827751,
    "precision": 0.7157346857066595,
    "recall": 0.8027241430923514,
    "f1": 0.756737688725836,
    "roc_auc": 0.8187205052080522,
    "cohen_kappa": 0.48451470157167176,
    "mcc": 0.4881248076644162,
    "confusion_matrix": [
      [
        4565,
        2130
      ],
      [
        1318,
        5363
      ]
    ]
  }
}