{
  "threshold": 0.45567194245038106,
  "optuna_params": {
    "C": 0.010108013802194922,
    "solver": "lbfgs"
  },
  "optuna_best_cv_auc": 0.8141311166171272,
  "cv_fold_accuracies": [
    0.7403115264797507,
    0.7329595015576325,
    0.7442990654205608,
    0.7413084112149533,
    0.7350778816199377
  ],
  "validation_metrics": {
    "accuracy": 0.7390101674641149,
    "precision": 0.7117631439192778,
    "recall": 0.8024247867085765,
    "f1": 0.7543797931471188,
    "roc_auc": 0.8131991796427822,
    "brier_score": 0.17586148430425982,
    "cohen_kappa": 0.4780892706271108,
    "mcc": 0.4820061722469762,
    "confusion_matrix": [
      [
        4524,
        2171
      ],
      [
        1320,
        5361
      ]
    ]
  },
  "test_metrics": {
    "accuracy": 0.7425986842105263,
    "precision": 0.7166176077067166,
    "recall": 0.8016763957491394,
    "f1": 0.756764394206994,
    "roc_auc": 0.8187044978017203,
    "brier_score": 0.1730781517773092,
    "cohen_kappa": 0.485260684702033,
    "mcc": 0.4887073575109866,
    "confusion_matrix": [
      [
        4577,
        2118
      ],
      [
        1325,
        5356
      ]
    ]
  },
  "confidence_intervals": {
    "accuracy": {
      "mean": 0.7430786483253589,
      "ci_lower": 0.7370645185406698,
      "ci_upper": 0.7495626495215311
    },
    "precision": {
      "mean": 0.7170853035877153,
      "ci_lower": 0.7054306695262512,
      "ci_upper": 0.7280634963888145
    },
    "recall": {
      "mean": 0.8018046776373403,
      "ci_lower": 0.7928628666825931,
      "ci_upper": 0.8105031488100702
    },
    "f1": {
      "mean": 0.757064273944587,
      "ci_lower": 0.74973877866104,
      "ci_upper": 0.7648024192546061
    },
    "roc_auc": {
      "mean": 0.8191197726188523,
      "ci_lower": 0.8133506221836442,
      "ci_upper": 0.8246224068025366
    },
    "brier_score": {
      "mean": 0.17287629721183875,
      "ci_lower": 0.17022866368765602,
      "ci_upper": 0.17562076855662975
    }
  },
  "calibration": {
    "brier_before": 0.17308281052898383,
    "brier_after": 0.1730781517773092
  }
}